[{
  "_id": {
    "$oid": "5f66036a0abdef63d9529982"
  },
  "created_at": {
    "$date": "2020-09-19T12:42:08.885Z"
  },
  "title": "Card",
  "created_by": "5f3d691a243f971fbaedbb91",
  "__v": 0
},{
  "_id": {
    "$oid": "5f6603720abdef63d9529983"
  },
  "created_at": {
    "$date": "2020-09-19T12:42:08.885Z"
  },
  "title": "Check",
  "created_by": "5f3d691a243f971fbaedbb91",
  "__v": 0
},{
  "_id": {
    "$oid": "5f6603800abdef63d9529984"
  },
  "created_at": {
    "$date": "2020-09-19T12:42:08.885Z"
  },
  "title": "Other",
  "created_by": "5f3d691a243f971fbaedbb91",
  "__v": 0
}]